semana_fin,horas_validas,nox_media_mg_nm3,nox_mediana_mg_nm3,nox_sd_mg_nm3,nox_min_mg_nm3,nox_max_mg_nm3,horas_esperadas,cobertura,semana_utilizable,semana_completa_en_periodo,usar_modelamiento
2020-01-05,115,328.0706436820652,328.8030090332031,33.133734768855,270.92401123046875,397.9289855957031,168,0.6845238095238095,False,False,False
2020-01-12,164,313.3059452336009,306.9570007324219,33.23695937439278,259.3510131835937,419.552001953125,168,0.9761904761904762,True,True,True
2020-01-19,161,309.01909300999614,303.8059997558594,28.570806941817963,270.0400085449219,408.3559875488281,168,0.9583333333333334,True,True,True
2020-01-26,148,356.07812871159734,358.0574951171875,37.99137071225994,294.87799072265625,428.4880065917969,168,0.8809523809523809,True,True,True
2020-02-02,166,334.3566263957196,330.45899963378906,26.729993217394096,283.4599914550781,406.7630004882813,168,0.9880952380952381,True,True,True
2020-02-09,167,325.44691650025146,325.77398681640625,58.817038354387286,233.46099853515625,561.8300170898438,168,0.9940476190476191,True,True,True
2020-02-16,166,309.0742360310382,310.5240020751953,21.593289851128148,242.76199340820312,386.1929931640625,168,0.9880952380952381,True,True,True
2020-02-23,161,371.7200252935753,365.4030151367188,46.67783220307855,297.2279968261719,568.3209838867188,168,0.9583333333333334,True,True,True
2020-03-01,167,333.080664172144,330.7900085449219,25.87195724749706,264.0140075683594,393.6189880371094,168,0.9940476190476191,True,True,True
2020-03-08,168,340.5161193666004,328.1080017089844,51.95160459358848,242.22999572753903,437.3559875488281,168,1.0,True,True,True
2020-03-15,168,339.406981695266,340.57598876953125,32.94305699493621,257.75201416015625,402.3810119628906,168,1.0,True,True,True
2020-03-22,164,345.37451320741235,344.69749450683594,20.11745167295412,279.5390014648437,440.1969909667969,168,0.9761904761904762,True,True,True
2020-03-29,168,355.97215379987443,356.7034912109375,27.53478403624706,300.2269897460937,429.6409912109375,168,1.0,True,True,True
2020-04-05,168,394.01393981206985,397.6289978027344,27.37129462309865,303.4320068359375,455.1380004882813,168,1.0,True,True,True
2020-04-12,168,388.31678626650853,388.3625030517578,19.090377459642216,284.4309997558594,429.25299072265625,168,1.0,True,True,True
2020-04-19,167,386.9801856857574,386.1860046386719,19.950583717060667,347.2550048828125,447.6579895019531,168,0.9940476190476191,True,True,True
2020-04-26,161,364.2407960121676,358.2969970703125,28.60523534356141,304.69000244140625,421.6480102539063,168,0.9583333333333334,True,True,True
2020-05-03,164,285.1194457077398,281.72300720214844,30.00546981306293,226.72900390625,355.9119873046875,168,0.9761904761904762,True,True,True
2020-05-10,168,294.8647622608003,290.59600830078125,45.79674383642368,225.69700622558597,446.7879943847656,168,1.0,True,True,True
2020-05-17,168,299.88863654363723,293.83349609375,29.51573235044833,237.3029937744141,390.7669982910156,168,1.0,True,True,True
2020-05-24,157,276.24605127808394,273.0599975585937,22.020448046367864,243.97900390625,331.0400085449219,168,0.9345238095238095,True,True,True
2020-05-31,167,297.0984666104802,300.9490051269531,24.32195832529348,232.33799743652344,347.4639892578125,168,0.9940476190476191,True,True,True
2020-06-07,168,338.24176842825756,336.2934875488281,18.606642073737937,289.4289855957031,383.1990051269531,168,1.0,True,True,True
2020-06-14,166,327.7201019654791,324.6405029296875,10.662464895805158,307.56201171875,364.1579895019531,168,0.9880952380952381,True,True,True
2020-06-21,168,315.8412319365002,316.55299377441406,10.14403671934997,289.00201416015625,348.04901123046875,168,1.0,True,True,True
2020-06-28,150,329.8330265299479,326.9024963378906,15.920307200179298,284.18701171875,374.8320007324219,168,0.8928571428571429,True,True,True
2020-07-05,168,335.6708154224214,331.1269989013672,14.73656652038107,313.4639892578125,394.0830078125,168,1.0,True,True,True
2020-07-12,168,327.52195848737443,312.0050048828125,37.240827812361594,266.9750061035156,487.6099853515625,168,1.0,True,True,True
2020-07-19,168,328.43837946937197,324.53350830078125,52.182960733036914,226.6719970703125,546.02001953125,168,1.0,True,True,True
2020-07-26,158,366.62892266768444,352.15599060058594,57.310754653419956,299.8389892578125,632.2520141601562,168,0.9404761904761905,True,True,True
2020-08-02,163,315.016356017692,311.0769958496094,28.82099769030832,236.85899353027344,496.8710021972656,168,0.9702380952380952,True,True,True
2020-08-09,168,342.9786126273019,322.6210021972656,50.14713490578983,276.4700012207031,517.22998046875,168,1.0,True,True,True
2020-08-16,168,349.54560143607006,328.8294982910156,67.36912856469536,257.6010131835937,594.8380126953125,168,1.0,True,True,True
2020-08-23,160,369.2311500549316,354.9965057373047,46.04902005457362,302.1340026855469,524.6170043945312,168,0.9523809523809523,True,True,True
2020-08-30,168,379.84590875534786,378.76148986816406,53.730565186376566,246.98199462890625,545.8480224609375,168,1.0,True,True,True
2020-09-06,168,384.9573803856259,383.0749969482422,20.648922009985405,335.9620056152344,457.1000061035156,168,1.0,True,True,True
2020-09-13,157,371.65901913005075,364.5140075683594,35.80807585999195,295.3630065917969,495.864013671875,168,0.9345238095238095,True,True,True
2020-09-20,167,325.11791041939557,322.7770080566406,22.170189671109075,277.34600830078125,407.135009765625,168,0.9940476190476191,True,True,True
2020-09-27,168,331.3802381243025,330.41648864746094,31.53782223350596,266.8169860839844,400.5119934082031,168,1.0,True,True,True
2020-10-04,168,356.626905134746,362.9985046386719,60.17608614880384,21.67200088500977,504.1499938964844,168,1.0,True,True,True
2020-10-11,127,376.14075475978103,363.3299865722656,47.16374686724418,274.22900390625,685.1510009765625,168,0.7559523809523809,True,True,True
2020-10-18,103,44.23712587819516,0.0,101.00090690508948,0.0,586.56298828125,168,0.6130952380952381,False,True,False
2020-10-25,168,294.0742800576346,289.94200134277344,33.938730441904504,237.84300231933597,406.8089904785156,168,1.0,True,True,True
2020-11-01,168,284.51966739836195,284.0544891357422,47.90748443268549,128.01499938964844,442.9129943847656,168,1.0,True,True,True
2020-11-08,168,292.1204107375372,284.2314910888672,42.10476502502873,189.83599853515625,451.1889953613281,168,1.0,True,True,True
2020-11-15,168,327.32651147388276,327.08349609375,36.61230945200576,216.7239990234375,404.4670104980469,168,1.0,True,True,True
2020-11-22,168,315.9157491411482,307.2275085449219,32.376496177689035,256.9330139160156,421.1919860839844,168,1.0,True,True,True
2020-11-29,168,322.5568626040504,313.7034912109375,31.419184470597788,268.2349853515625,456.6390075683594,168,1.0,True,True,True
2020-12-06,146,284.2717740829677,279.78001403808594,26.857543668772298,221.7469940185547,374.8190002441406,168,0.8690476190476191,True,True,True
2020-12-13,162,262.7349886482145,255.39100646972656,26.932303817412663,216.94000244140625,369.510009765625,168,0.9642857142857143,True,True,True
2020-12-20,168,257.45589274451845,251.28199768066406,23.087078030579036,214.6820068359375,374.9660034179688,168,1.0,True,True,True
2020-12-27,168,283.6445597694034,279.0845031738281,32.76302057068547,226.2270050048828,351.6430053710937,168,1.0,True,True,True
2021-01-03,164,280.40070733791447,282.9150085449219,22.971322819944536,185.218994140625,319.1669921875,168,0.9761904761904762,True,True,True
2021-01-10,168,273.180819829305,269.46600341796875,21.924665864572262,235.66900634765625,361.4150085449219,168,1.0,True,True,True
2021-01-17,168,278.28443545386904,265.59149169921875,35.42922767983963,218.42300415039065,443.4490051269531,168,1.0,True,True,True
2021-01-24,167,243.3424786778981,241.36399841308597,19.689340571923992,199.40499877929688,288.50201416015625,168,0.9940476190476191,True,True,True
2021-01-31,168,254.57314291454497,254.6884994506836,18.731789020210286,184.2400054931641,298.1180114746094,168,1.0,True,True,True
2021-02-07,168,262.8941846575056,261.8975067138672,31.756460841362202,212.6360015869141,361.6449890136719,168,1.0,True,True,True
2021-02-14,158,261.9050129757652,260.6090087890625,41.231015978775005,162.35000610351562,370.9540100097656,168,0.9404761904761905,True,True,True
2021-02-21,168,230.37977945236932,241.16300201416016,24.603591331075968,174.06500244140625,278.5220031738281,168,1.0,True,True,True
2021-02-28,166,213.23315677872623,214.49500274658203,17.127909544870928,181.6080017089844,292.61199951171875,168,0.9880952380952381,True,True,True
2021-03-07,168,209.6455837431408,207.63399505615232,24.501286156568867,178.54800415039062,431.2780151367188,168,1.0,True,True,True
2021-03-14,168,213.77984491984049,217.46149444580078,16.87369968272385,179.87100219726562,248.8939971923828,168,1.0,True,True,True
2021-03-21,163,210.0534666096506,205.35299682617188,17.890459359372425,182.3459930419922,299.65399169921875,168,0.9702380952380952,True,True,True
2021-03-28,168,211.50958978562127,208.2249984741211,21.32768580363771,168.9810028076172,284.7909851074219,168,1.0,True,True,True
2021-04-04,166,202.81309647157968,195.18599700927734,19.468685035485432,177.7239990234375,293.7980041503906,168,0.9880952380952381,True,True,True
2021-04-11,168,255.9077151162284,213.6469955444336,89.66890308773908,175.85800170898438,560.1500244140625,168,1.0,True,True,True
2021-04-18,167,228.5792466580511,255.2140045166016,154.0740439577683,0.0,565.8989868164062,168,0.9940476190476191,True,True,True
2021-04-25,157,111.90279638691312,0.0,146.6565802345066,0.0,539.9920043945312,168,0.9345238095238095,True,True,True
2021-05-02,162,255.12464904785156,225.1824951171875,67.06915686876546,199.99099731445312,441.8699951171875,168,0.9642857142857143,True,True,True
2021-05-09,161,231.89156516886646,221.05599975585935,42.261491634913206,173.56199645996094,453.7200012207031,168,0.9583333333333334,True,True,True
2021-05-16,168,231.35344632466635,223.58900451660156,23.34106570289634,197.8769989013672,323.9769897460937,168,1.0,True,True,True
2021-05-23,163,288.5073008156993,239.6909942626953,78.25080186082762,199.95899963378903,398.68798828125,168,0.9702380952380952,True,True,True
2021-05-30,168,220.11241604032972,218.5250015258789,11.365324646323678,198.6009979248047,261.6239929199219,168,1.0,True,True,True
2021-06-06,168,232.0687670934768,227.32450103759766,37.5722519928247,166.5240020751953,479.5239868164063,168,1.0,True,True,True
2021-06-13,168,264.21630380267186,258.4664993286133,136.4245900886936,9.017999649047852,683.510009765625,168,1.0,True,True,True
2021-06-20,159,275.03656687226686,264.8320007324219,31.953286910114713,235.8789978027344,373.6629943847656,168,0.9464285714285714,True,True,True
2021-06-27,153,259.4032867032718,248.8950042724609,33.90117052276988,205.46600341796875,351.1679992675781,168,0.9107142857142857,True,True,True
2021-07-04,168,258.0469645545596,254.29299926757812,17.766017240817813,230.94000244140625,342.3309936523437,168,1.0,True,True,True
2021-07-11,160,234.77655549049376,252.12200164794922,52.56425683706579,58.06800079345703,315.593994140625,168,0.9523809523809523,True,True,True
2021-07-18,159,217.8117543826313,229.13900756835935,63.56516436918865,22.299999237060547,365.8429870605469,168,0.9464285714285714,True,True,True
2021-07-25,156,309.8464821638205,281.9965057373047,225.45438528243582,7.206999778747559,2782.4541015625,168,0.9285714285714286,True,True,True
2021-08-01,166,241.70744002009013,223.56049346923828,55.00452219274844,188.91000366210935,459.60400390625,168,0.9880952380952381,True,True,True
2021-08-08,168,212.96010099138533,213.17850494384766,11.063234658391448,182.92100524902344,244.0330047607422,168,1.0,True,True,True
2021-08-15,110,266.76962751908735,253.6405029296875,63.45184872296986,197.79200744628903,631.9810180664062,168,0.6547619047619048,False,True,False
2021-08-22,168,275.6052148001535,256.3125,61.03961606674216,221.5570068359375,576.5750122070312,168,1.0,True,True,True
2021-08-29,168,270.78408895220076,247.98600006103516,64.13876501076805,201.81500244140625,608.166015625,168,1.0,True,True,True
2021-09-05,106,298.47330244532174,247.3270034790039,93.59863091184431,217.92999267578125,592.2360229492188,168,0.6309523809523809,False,True,False
2021-09-12,168,303.18874386378695,288.4024963378906,46.195210364359326,223.08999633789065,515.1439819335938,168,1.0,True,True,True
2021-09-19,168,287.83510744004025,289.0054931640625,36.695616489474425,231.63699340820312,462.2369995117188,168,1.0,True,True,True
2021-09-26,168,273.8419099535261,258.51100158691406,42.51274719258622,202.93499755859372,466.8919982910156,168,1.0,True,True,True
2021-10-03,153,332.95551713931013,331.68701171875,55.98471695765363,215.83200073242188,480.9469909667969,168,0.9107142857142857,True,True,True
2021-10-10,167,287.8592221379994,265.14898681640625,48.058362791334,207.51499938964844,452.3460083007813,168,0.9940476190476191,True,True,True
2021-10-17,168,299.84488668895904,284.94749450683594,57.923720300893635,204.19200134277344,539.5130004882812,168,1.0,True,True,True
2021-10-24,168,337.79542813982283,339.6105041503906,63.93986998250716,251.44900512695312,513.7139892578125,168,1.0,True,True,True
2021-10-31,150,351.3882600911458,339.03050231933594,55.437923721129316,254.52200317382807,606.135009765625,168,0.8928571428571429,True,True,True
2021-11-07,61,337.13270593862063,327.7200012207031,32.98765009951815,301.82000732421875,477.0539855957031,168,0.3630952380952381,False,True,False
2021-11-14,121,327.85215645782216,311.989990234375,35.728818061200066,285.5459899902344,437.60400390625,168,0.7202380952380952,False,True,False
2021-11-21,168,341.7699056352888,335.9389953613281,28.788146404408256,269.96099853515625,440.1380004882813,168,1.0,True,True,True
2021-11-28,160,341.2284315109253,338.8125,24.28028057044093,287.3630065917969,404.9289855957031,168,0.9523809523809523,True,True,True
2021-12-05,166,366.308421858822,365.07249450683594,36.02204071740924,288.07598876953125,510.4719848632813,168,0.9880952380952381,True,True,True
2021-12-12,167,362.00101658255755,356.2330017089844,37.08623976431684,257.7919921875,504.8410034179688,168,0.9940476190476191,True,True,True
2021-12-19,159,339.1821811124214,337.44500732421875,41.362940690479334,261.8139953613281,479.08599853515625,168,0.9464285714285714,True,True,True
2021-12-26,130,324.3125616220328,335.3415069580078,41.101277899749995,225.73699951171875,412.3789978027344,168,0.7738095238095238,True,True,True
2022-01-02,163,345.4221594874844,341.2869873046875,38.43613636367018,232.2270050048828,452.0750122070313,168,0.9702380952380952,True,True,True
2022-01-09,166,317.42883172092667,322.30751037597656,49.73981069107705,176.74600219726562,465.802001953125,168,0.9880952380952381,True,True,True
2022-01-16,162,309.8740438767421,308.1419982910156,54.921875782869996,133.3780059814453,478.8999938964844,168,0.9642857142857143,True,True,True
2022-01-23,168,328.3402082352411,320.60650634765625,47.95964793227915,165.9010009765625,528.7479858398438,168,1.0,True,True,True
2022-01-30,167,370.7667430032513,362.7850036621094,59.79370831083463,250.54400634765625,599.9420166015625,168,0.9940476190476191,True,True,True
2022-02-06,160,359.38425464630126,354.28399658203125,46.80456512904547,265.77899169921875,539.2979736328125,168,0.9523809523809523,True,True,True
2022-02-13,168,384.33031572614397,380.5540008544922,37.583064411910264,327.23199462890625,542.52197265625,168,1.0,True,True,True
2022-02-20,163,358.4564115372172,352.6220092773437,36.13727570300978,283.9849853515625,550.5599975585938,168,0.9702380952380952,True,True,True
2022-02-27,168,354.95662471226285,344.95249938964844,36.583690698686596,296.37701416015625,523.7529907226562,168,1.0,True,True,True
2022-03-06,166,355.82623382936043,344.7784881591797,50.959210397165705,195.43800354003903,556.1190185546875,168,0.9880952380952381,True,True,True
2022-03-13,166,355.0585965076125,340.2925109863281,41.361485010057315,299.0780029296875,476.77099609375,168,0.9880952380952381,True,True,True
2022-03-20,167,322.9359523750351,316.5429992675781,26.522723802631095,281.5450134277344,444.281005859375,168,0.9940476190476191,True,True,True
2022-03-27,148,310.9245483810837,310.32049560546875,50.88800626123078,216.83599853515625,523.6539916992188,168,0.8809523809523809,True,True,True
2022-04-03,164,341.9665250080388,345.67999267578125,60.812821182983875,211.68299865722656,536.8079833984375,168,0.9761904761904762,True,True,True
2022-04-10,165,354.04651415275805,351.4490051269531,47.841102168176526,208.87399291992188,475.1499938964844,168,0.9821428571428571,True,True,True
2022-04-17,164,322.18191475221295,349.9859924316406,94.53138278377466,0.7429999709129333,436.218994140625,168,0.9761904761904762,True,True,True
2022-04-24,168,344.32251884823756,347.3560028076172,31.424446394079208,216.76199340820312,513.3610229492188,168,1.0,True,True,True
2022-05-01,168,371.9387385050456,352.6525115966797,54.41560398547202,271.19000244140625,540.9390258789062,168,1.0,True,True,True
2022-05-08,162,352.03086363239055,350.52650451660156,39.91064257939355,221.9669952392578,478.16900634765625,168,0.9642857142857143,True,True,True
2022-05-15,167,346.3692932128906,337.9129943847656,40.00400122715471,221.81399536132807,490.66400146484375,168,0.9940476190476191,True,True,True
2022-05-22,166,320.17583134662675,313.9875030517578,44.98195314045003,218.66099548339844,502.489013671875,168,0.9880952380952381,True,True,True
2022-05-29,167,349.06180796366255,345.78399658203125,26.903262151203066,296.2470092773437,462.3980102539063,168,0.9940476190476191,True,True,True
2022-06-05,164,347.5596523750119,346.50550842285156,13.690322026198817,299.75799560546875,386.7319946289063,168,0.9761904761904762,True,True,True
2022-06-12,129,342.852054817732,351.9460144042969,48.56165184236,14.892000198364258,492.2049865722656,168,0.7678571428571429,True,True,True
2022-06-19,167,350.1679344505607,346.3869934082031,119.88594688213044,0.996999979019165,1150.530029296875,168,0.9940476190476191,True,True,True
2022-06-26,164,368.58862937368997,363.6990051269531,27.142097860064894,324.62701416015625,453.4089965820313,168,0.9761904761904762,True,True,True
2022-07-03,167,354.36365824259684,362.2569885253906,40.50245013503658,241.80799865722656,436.4739990234375,168,0.9940476190476191,True,True,True
2022-07-10,165,352.2472793116714,353.90399169921875,27.265347472210046,266.56500244140625,425.2619934082031,168,0.9821428571428571,True,True,True
2022-07-17,158,372.2734170261818,373.3470001220703,32.850769968923906,272.4200134277344,447.4419860839844,168,0.9404761904761905,True,True,True
2022-07-24,167,372.91829384444003,364.7489929199219,35.60271692870098,286.343994140625,521.7529907226562,168,0.9940476190476191,True,True,True
2022-07-31,167,318.3458923510092,346.4830017089844,148.81437737359659,0.1319999992847442,1039.5389404296875,168,0.9940476190476191,True,True,True
2022-08-07,163,200.8047051603443,193.03599548339844,163.27141835412664,0.2509999871253967,662.9130249023438,168,0.9702380952380952,True,True,True
2022-08-14,167,350.75208926629165,353.1449890136719,68.70224493061167,142.38499450683594,486.5889892578125,168,0.9940476190476191,True,True,True
2022-08-21,165,357.2320722175367,353.5069885253906,62.761033504352746,156.75799560546875,552.64599609375,168,0.9821428571428571,True,True,True
2022-08-28,153,345.7030334472656,349.88800048828125,77.71741914409503,174.20599365234375,524.166015625,168,0.9107142857142857,True,True,True
2022-09-04,162,372.00725225754724,351.0534973144531,46.87597617032317,313.3099975585937,510.1369934082031,168,0.9642857142857143,True,True,True
2022-09-11,167,350.09719821221813,337.6430053710937,66.12023241924042,133.45199584960938,512.8599853515625,168,0.9940476190476191,True,True,True
2022-09-18,159,343.17763073039504,343.1730041503906,65.7764272011717,153.49600219726562,453.0270080566406,168,0.9464285714285714,True,True,True
2022-09-25,168,361.84910056704564,341.4409942626953,42.89260235386344,258.9979858398437,457.1600036621094,168,1.0,True,True,True
2022-10-02,124,354.51916996125254,345.2465057373047,43.83206372682029,269.7869873046875,478.9639892578125,168,0.7380952380952381,False,True,False
2022-10-09,147,337.86697977416367,343.00201416015625,73.71138819033895,11.355999946594238,480.9089965820313,168,0.875,True,True,True
2022-10-16,160,341.38854961395265,346.84149169921875,38.622328746104984,240.18899536132807,480.4129943847656,168,0.9523809523809523,True,True,True
2022-10-23,152,347.62436836644224,345.2685089111328,39.4076043676058,223.5619964599609,467.6860046386719,168,0.9047619047619048,True,True,True
2022-10-30,155,349.09328977523313,348.7260131835937,48.703896332736655,185.7729949951172,475.5679931640625,168,0.9226190476190477,True,True,True
2022-11-06,167,307.577132036586,311.4119873046875,63.30703569212234,126.95600128173828,563.8460083007812,168,0.9940476190476191,True,True,True
2022-11-13,160,340.761768245697,318.8199920654297,61.28492778575409,243.1779937744141,490.8940124511719,168,0.9523809523809523,True,True,True
2022-11-20,162,365.7030123722406,372.96299743652344,66.54016267409168,16.93899917602539,520.72900390625,168,0.9642857142857143,True,True,True
2022-11-27,147,368.3654080345517,380.0140075683594,48.58458605662197,212.41200256347656,520.2739868164062,168,0.875,True,True,True
2022-12-04,166,307.9326034827405,317.26499938964844,110.93771237556902,5.525000095367432,581.7349853515625,168,0.9880952380952381,True,True,True
2022-12-11,159,382.1802141681407,375.4679870605469,52.13687224505329,277.7470092773437,507.4500122070313,168,0.9464285714285714,True,True,True
2022-12-18,162,398.6254497575171,420.76548767089844,66.29329246467708,253.4459991455078,529.9229736328125,168,0.9642857142857143,True,True,True
2022-12-25,165,357.19273394960345,353.9970092773437,48.276731999471316,215.41000366210935,455.6969909667969,168,0.9821428571428571,True,True,True
2023-01-01,122,367.1506157546747,381.6894989013672,41.475533521165126,265.04998779296875,431.1520080566406,168,0.7261904761904762,False,True,False
2023-01-08,158,356.08940646014634,355.7635040283203,37.03768097464999,234.26199340820312,466.8789978027344,168,0.9404761904761905,True,True,True
2023-01-15,168,392.920292082287,377.8554992675781,54.69645651536241,286.25201416015625,595.8909912109375,168,1.0,True,True,True
2023-01-22,167,367.1770056079248,360.10400390625,41.583682317497875,265.30499267578125,501.66900634765625,168,0.9940476190476191,True,True,True
2023-01-29,167,370.9767609556278,363.0199890136719,36.64683849924478,297.52301025390625,475.8009948730469,168,0.9940476190476191,True,True,True
2023-02-05,168,365.94791067214237,352.88450622558594,38.511116712908425,300.39801025390625,467.7999877929688,168,1.0,True,True,True
2023-02-12,167,369.9469999210563,367.6659851074219,36.29727845458946,276.09600830078125,488.2630004882813,168,0.9940476190476191,True,True,True
2023-02-19,168,369.1497259594145,367.1844940185547,48.61681784484292,252.60400390625,478.9819946289063,168,1.0,True,True,True
2023-02-26,168,324.0548032124837,319.03399658203125,33.01279261138248,251.12399291992188,431.91900634765625,168,1.0,True,True,True
2023-03-05,166,365.0145899761154,361.5449981689453,41.45832638576221,259.1830139160156,492.6130065917969,168,0.9880952380952381,True,True,True
2023-03-12,168,334.7400418236142,327.77149963378906,60.15695971464825,258.8280029296875,602.0280151367188,168,1.0,True,True,True
2023-03-19,165,317.41932067871096,291.0710144042969,56.38263676853827,247.4640045166016,514.572998046875,168,0.9821428571428571,True,True,True
2023-03-26,164,281.3284680436297,278.13951110839844,25.975400642669715,207.23199462890625,351.7569885253906,168,0.9761904761904762,True,True,True
2023-04-02,155,343.2963875063004,348.3680114746094,77.14029722905596,209.3580017089844,499.2309875488281,168,0.9226190476190477,True,True,True
2023-04-09,168,392.91757151058744,403.57899475097656,69.16304132722819,18.2549991607666,665.8259887695312,168,1.0,True,True,True
2023-04-16,168,390.4129764920189,394.53749084472656,65.2692019380701,241.9640045166016,559.3099975585938,168,1.0,True,True,True
2023-04-23,166,340.94092743655284,341.9134979248047,34.57729141718704,254.4850006103516,426.3659973144531,168,0.9880952380952381,True,True,True
2023-04-30,166,342.46443884056737,350.427490234375,37.44363449353809,238.19400024414065,403.8900146484375,168,0.9880952380952381,True,True,True
2023-05-07,168,367.95272645496186,362.36151123046875,29.489065008629908,295.29400634765625,462.1289978027344,168,1.0,True,True,True
2023-05-14,168,381.3851955958775,374.1600036621094,26.771813768923558,319.593994140625,459.031005859375,168,1.0,True,True,True
2023-05-21,164,369.554432566573,369.1330108642578,31.04554168143142,270.0350036621094,482.6050109863281,168,0.9761904761904762,True,True,True
2023-05-28,167,382.63082154782234,375.5159912109375,38.35380689565476,282.47100830078125,476.0150146484375,168,0.9940476190476191,True,True,True
2023-06-04,168,376.56885183425175,376.6654968261719,27.499995275415884,281.4760131835937,464.2860107421875,168,1.0,True,True,True
2023-06-11,167,372.6174493664039,366.7070007324219,34.852827821970024,305.0899963378906,480.33599853515625,168,0.9940476190476191,True,True,True
2023-06-18,167,367.71244364298747,363.9599914550781,32.587087075470244,284.2260131835937,500.9939880371094,168,0.9940476190476191,True,True,True
2023-06-25,129,357.00961256396863,351.3559875488281,32.48580136710608,282.2929992675781,460.93499755859375,168,0.7678571428571429,True,True,True
2023-07-02,160,370.87270603179934,350.7594909667969,61.38015049289282,224.13499450683597,545.5960083007812,168,0.9523809523809523,True,True,True
2023-07-09,168,346.4440349397205,344.9980010986328,43.26588341050399,267.48699951171875,469.9639892578125,168,1.0,True,True,True
2023-07-16,160,336.9936002731323,345.6080017089844,43.62930954228599,214.43299865722656,436.4530029296875,168,0.9523809523809523,True,True,True
2023-07-23,163,377.28526989521424,379.3699951171875,29.379305666239457,295.4259948730469,439.875,168,0.9702380952380952,True,True,True
2023-07-30,166,365.3487292370164,361.7304992675781,47.95251497608432,219.9069976806641,468.5929870605469,168,0.9880952380952381,True,True,True
2023-08-06,158,360.4261770127695,359.89599609375,32.533885521246326,307.4469909667969,465.5280151367188,168,0.9404761904761905,True,True,True
2023-08-13,145,392.0263029953529,391.0669860839844,34.259484015370454,279.1340026855469,468.4830017089844,168,0.8630952380952381,True,True,True
2023-08-20,153,373.69901400298073,380.1610107421875,57.73027957445997,201.31300354003903,507.822998046875,168,0.9107142857142857,True,True,True
2023-08-27,97,349.09781387171796,355.7090148925781,32.963412844493014,273.3349914550781,423.2330017089844,168,0.5773809523809523,False,True,False
2023-09-03,168,372.54227974301295,375.4804992675781,37.71019214385413,268.8999938964844,511.9200134277344,168,1.0,True,True,True
2023-09-10,168,367.59660085042316,369.5865020751953,34.55121655093878,278.2080078125,454.6369934082031,168,1.0,True,True,True
2023-09-17,168,373.2163395654587,371.24900817871094,42.05511509413019,236.4290008544922,465.0490112304688,168,1.0,True,True,True
2023-09-24,168,310.32932154337567,306.90550231933594,27.890970395530925,221.1540069580078,400.9549865722656,168,1.0,True,True,True
2023-10-01,160,331.8260194778442,327.1634979248047,35.743322515870084,261.5509948730469,448.10400390625,168,0.9523809523809523,True,True,True
2023-10-08,168,341.5153161003476,343.87599182128906,48.455354265561795,190.01400756835935,420.9670104980469,168,1.0,True,True,True
2023-10-15,168,325.7990719023205,325.1475067138672,34.845344183200574,209.06399536132807,431.5010070800781,168,1.0,True,True,True
2023-10-22,168,320.4838262285505,322.8040008544922,43.727314995794195,173.51100158691406,398.1409912109375,168,1.0,True,True,True
2023-10-29,167,384.9205632009906,393.1480102539063,48.533430516509526,193.4759979248047,492.8089904785156,168,0.9940476190476191,True,True,True
2023-11-05,165,403.6725029222893,401.6159973144531,24.87743500117316,319.2070007324219,473.0130004882813,168,0.9821428571428571,True,True,True
2023-11-12,168,366.5647197905041,368.1239929199219,28.374231211006876,256.3420104980469,460.3909912109375,168,1.0,True,True,True
2023-11-19,168,374.8631855192639,374.58900451660156,31.292101998490754,291.4599914550781,479.64300537109375,168,1.0,True,True,True
2023-11-26,168,385.18268439883275,372.8504943847656,35.73769169888115,318.8059997558594,470.55999755859375,168,1.0,True,True,True
2023-12-03,139,378.8293160637506,378.1520080566406,48.644536701617305,253.48800659179688,479.364013671875,168,0.8273809523809523,True,True,True
2023-12-10,154,283.31185001521914,296.19850158691406,49.24316207734215,191.2400054931641,421.9909973144531,168,0.9166666666666666,True,True,True
2023-12-17,168,305.89061328342984,309.8874969482422,21.165581194333715,242.3769989013672,357.79901123046875,168,1.0,True,True,True
2023-12-24,168,302.07871963864284,303.68699645996094,20.81486775714427,245.57000732421875,350.7059936523437,168,1.0,True,True,True
2023-12-31,100,314.3378796386719,301.031494140625,42.83363389043051,240.0919952392578,454.8399963378906,168,0.5952380952380952,False,True,False
2024-01-07,145,303.60070285139415,304.554992675781,41.49726966759455,205.466995239258,381.177001953125,168,0.8630952380952381,True,True,True
2024-01-14,165,327.0332185687441,316.019012451172,54.74378875696993,235.007995605469,448.756011962891,168,0.9821428571428571,True,True,True
2024-01-21,164,317.37246304023563,315.27400207519554,65.55718978067581,201.839004516602,497.259002685547,168,0.9761904761904762,True,True,True
2024-01-28,161,362.35042169227364,341.300994873047,54.51545183377402,248.526992797852,525.333984375,168,0.9583333333333334,True,True,True
2024-02-04,168,377.135995047433,378.929504394531,41.07720582046347,269.115997314453,471.554992675781,168,1.0,True,True,True
2024-02-11,168,364.1262972695487,363.2535095214845,39.767206902316346,252.216995239258,479.044006347656,168,1.0,True,True,True
2024-02-18,168,367.44713628859745,377.994003295898,43.7002981276816,224.526000976562,472.799011230469,168,1.0,True,True,True
2024-02-25,168,382.6242568606422,384.9220123291015,45.9544674429051,259.186004638672,561.18798828125,168,1.0,True,True,True
2024-03-03,163,342.0217050189621,342.536010742188,57.70991772487038,221.130996704102,515.340026855469,168,0.9702380952380952,True,True,True
2024-03-10,168,311.3194592964081,308.9234924316405,92.0504488551197,15.1800003051758,1098.76794433594,168,1.0,True,True,True
2024-03-17,167,366.3960005708798,334.759002685547,129.0904016731721,192.358001708984,1620.61499023438,168,0.9940476190476191,True,True,True
2024-03-24,159,336.26607047986687,314.524993896484,57.45764302702142,254.751007080078,513.502014160156,168,0.9464285714285714,True,True,True
2024-03-31,166,302.4667465945324,293.35600280761696,41.18332310990137,232.057998657227,488.252014160156,168,0.9880952380952381,True,True,True
2024-04-07,166,336.83789898975783,317.52900695800747,64.7355720063648,237.585006713867,485.714996337891,168,0.9880952380952381,True,True,True
2024-04-14,167,361.55189870503136,335.148010253906,56.75056708362798,305.805999755859,568.310974121094,168,0.9940476190476191,True,True,True
2024-04-21,168,341.15217953636534,323.268493652344,51.078486662978904,271.872009277344,521.065979003906,168,1.0,True,True,True
2024-04-28,161,300.4018943265358,292.454010009766,38.97301942990196,218.281997680664,438.621002197266,168,0.9583333333333334,True,True,True
2024-05-05,168,271.672244480678,264.552993774414,31.98216431007965,193.688003540039,351.946014404297,168,1.0,True,True,True
2024-05-12,167,245.18280815078828,236.951995849609,28.528296011150097,175.679992675781,330.553009033203,168,0.9940476190476191,True,True,True
2024-05-19,168,252.52735719226655,242.4480056762695,41.521645460218046,193.244995117188,451.308990478516,168,1.0,True,True,True
2024-05-26,168,237.63068498883928,240.917999267578,36.07660044384995,179.307006835938,326.285003662109,168,1.0,True,True,True
2024-06-02,168,244.07907195318313,241.1254959106445,39.41719052769091,176.317993164062,354.316986083984,168,1.0,True,True,True
2024-06-09,168,249.51046998160226,242.86899566650402,33.3429970585922,170.113998413086,372.631988525391,168,1.0,True,True,True
2024-06-16,166,250.45244616772754,238.432502746582,33.9756138279772,190.524002075195,329.634002685547,168,0.9880952380952381,True,True,True
2024-06-23,167,237.88683195742308,229.514007568359,29.786418569825596,166.718994140625,333.709991455078,168,0.9940476190476191,True,True,True
2024-06-30,165,273.5213211521958,254.692001342773,63.599948407369006,137.977005004883,460.77099609375,168,0.9821428571428571,True,True,True
2024-07-07,165,261.4074117024739,242.09700012207,60.74265664498565,161.988006591797,479.140991210938,168,0.9821428571428571,True,True,True
2024-07-14,165,231.1814188639323,221.858993530273,40.56319262361136,143.257995605469,419.947998046875,168,0.9821428571428571,True,True,True
2024-07-21,168,209.1653630392892,213.8985061645505,18.657731344923064,147.837997436523,237.817993164062,168,1.0,True,True,True
2024-07-28,168,219.1023690359933,223.4614944458005,18.07007439437403,160.490005493164,254.537002563477,168,1.0,True,True,True
2024-08-04,168,227.0992800394694,230.1259994506835,27.376764381685202,133.332000732422,297.796997070312,168,1.0,True,True,True
2024-08-11,168,228.2048580532982,221.72299957275402,38.978216117078176,157.509994506836,352.149993896484,168,1.0,True,True,True
2024-08-18,163,238.24355816987398,228.236999511719,35.366217729805015,179.544006347656,326.808013916016,168,0.9702380952380952,True,True,True
2024-08-25,167,209.66118580709676,199.779006958008,34.41221118199459,144.565002441406,364.218994140625,168,0.9940476190476191,True,True,True
2024-09-01,168,246.83927281697592,221.4629974365235,48.95260542364811,181.813003540039,368.477996826172,168,1.0,True,True,True
2024-09-08,168,266.10338229224794,232.835502624512,63.01277993256984,198.45100402832,518.359008789062,168,1.0,True,True,True
2024-09-15,168,251.7002856844947,232.408500671387,48.490708034554686,175.315994262695,462.558990478516,168,1.0,True,True,True
2024-09-22,168,235.34772632235573,223.26749420165999,50.27929476716531,124.859001159668,401.484008789062,168,1.0,True,True,True
2024-09-29,164,246.3991159578649,224.263496398926,77.72839325683984,149.891998291016,481.906005859375,168,0.9761904761904762,True,True,True
2024-10-06,168,202.89964321681433,184.752494812012,39.99563903208067,152.901000976562,313.695007324219,168,1.0,True,True,True
2024-10-13,168,225.8956430526007,173.46150207519548,100.38555581474556,130.942001342773,535.432983398438,168,1.0,True,True,True
2024-10-20,165,214.48982358990293,190.526000976562,52.50542148044336,124.179000854492,326.423004150391,168,0.9821428571428571,True,True,True
2024-10-27,168,209.00475529262002,194.385498046875,39.03831750416553,153.333999633789,311.013000488281,168,1.0,True,True,True
2024-11-03,168,245.87885602315262,230.84849548339798,50.17492193390147,174.975997924805,395.959991455078,168,1.0,True,True,True
2024-11-10,168,259.06220826648524,242.34300231933548,50.85968445784796,169.309005737305,357.971984863281,168,1.0,True,True,True
2024-11-17,168,255.89711888631186,219.9869995117185,59.92766556361544,183.712997436523,398.740997314453,168,1.0,True,True,True
2024-11-24,138,254.22626141534334,216.3175048828125,62.68395998669049,175.098999023438,429.394989013672,168,0.8214285714285714,True,True,True
2024-12-01,164,251.6554635210735,224.9454956054685,45.43839238555227,190.361999511719,369.144012451172,168,0.9761904761904762,True,True,True
2024-12-08,168,262.8455950419108,259.8795013427735,50.15934192208817,168.335998535156,424.329986572266,168,1.0,True,True,True
2024-12-15,167,268.1759825380976,254.164001464844,35.17327433424405,202.376998901367,354.097991943359,168,0.9940476190476191,True,True,True
2024-12-22,168,276.3564696539016,253.901496887207,63.34331179404777,190.606994628906,476.180999755859,168,1.0,True,True,True
2024-12-29,163,243.7106925168652,218.442001342773,78.30043500682952,96.2269973754883,422.476013183594,168,0.9702380952380952,True,True,True
2025-01-05,165,236.46898775967688,210.725006103516,56.19104411502029,158.352005004883,397.528015136719,168,0.9821428571428571,True,True,True
2025-01-12,160,228.44065628051757,224.7360000610355,27.82896389674736,166.526992797852,315.8330078125,168,0.9523809523809523,True,True,True
2025-01-19,168,287.62072045462475,296.7864990234375,54.02800024649586,85.4909973144531,367.114013671875,168,1.0,True,True,True
2025-01-26,168,286.4084104810442,290.2124938964845,31.51763035950915,205.427993774414,359.540008544922,168,1.0,True,True,True
2025-02-02,162,301.6322348794819,310.59049987792946,57.48974283383166,83.8290023803711,429.882995605469,168,0.9642857142857143,True,True,True
2025-02-09,163,276.704674281957,265.514007568359,40.88055421974593,195.951995849609,383.529998779297,168,0.9702380952380952,True,True,True
2025-02-16,158,289.25898800620547,281.115997314453,41.55472666555824,191.434997558594,389.317993164062,168,0.9404761904761905,True,True,True
2025-02-23,168,313.58041708809986,300.542999267578,41.81664907111425,243.813003540039,439.061004638672,168,1.0,True,True,True
2025-03-02,141,281.00593745454825,275.480010986328,59.14211961352538,102.11499786377,424.358001708984,168,0.8392857142857143,True,True,True
2025-03-09,163,283.2473387922978,270.511993408203,51.14960232583673,190.587997436523,467.248992919922,168,0.9702380952380952,True,True,True
2025-03-16,168,252.90380359831315,255.473503112793,48.902461493841734,164.145004272461,368.976013183594,168,1.0,True,True,True
2025-03-23,168,318.5355419885544,291.6419982910155,69.89527255736502,208.02099609375,472.125,168,1.0,True,True,True
2025-03-30,164,314.34463956879404,304.132995605469,48.001816645716886,194.02099609375,489.976989746094,168,0.9761904761904762,True,True,True
2025-04-06,168,326.76110685439335,314.884002685547,61.07220817985116,189.772003173828,506.213012695312,168,1.0,True,True,True
2025-04-13,163,307.4080797441167,288.596008300781,55.64975442441743,181.733993530273,529.752990722656,168,0.9702380952380952,True,True,True
2025-04-20,168,341.2207671120053,350.02449035644554,47.07480287558798,61.1389999389648,421.394012451172,168,1.0,True,True,True
2025-04-27,168,351.43532743908105,351.87300109863247,55.13101615635808,180.251998901367,469.178985595703,168,1.0,True,True,True
2025-05-04,168,346.8355661119734,342.5205078125,62.56618871964797,159.526000976562,495.174011230469,168,1.0,True,True,True
2025-05-11,165,319.4581517075047,315.601013183594,51.098738339336926,178.929992675781,453.778015136719,168,0.9821428571428571,True,True,True
2025-05-18,167,307.4124608753684,302.816986083984,65.33808481749305,212.916000366211,580.137023925781,168,0.9940476190476191,True,True,True
2025-05-25,166,328.70831234483836,338.7610015869145,61.12790117853149,212.542999267578,467.265991210938,168,0.9880952380952381,True,True,True
2025-06-01,168,323.31647582281204,330.5534973144535,36.28216511553273,228.54899597168,395.529998779297,168,1.0,True,True,True
2025-06-08,168,314.7797262100947,299.63850402832054,51.679366681208606,228.289993286133,454.352996826172,168,1.0,True,True,True
2025-06-15,168,256.67352422078454,242.1629943847655,65.7694069028864,184.223999023438,425.260009765625,168,1.0,True,True,True
2025-06-22,168,270.54170790172753,244.3209991455075,73.48923964377836,185.494995117188,431.963012695312,168,1.0,True,True,True
2025-06-29,165,287.8780905983665,267.190002441406,72.27257862651686,197.49299621582,468.475006103516,168,0.9821428571428571,True,True,True
2025-07-06,168,260.08639317467106,246.147003173828,53.52787503320291,182.59700012207,465.428985595703,168,1.0,True,True,True
2025-07-13,163,234.7898408854666,215.324996948242,54.3376658208236,176.285995483398,403.579986572266,168,0.9702380952380952,True,True,True
2025-07-20,156,210.0620646354479,185.152000427246,64.93959312660837,134.932006835938,392.43798828125,168,0.9285714285714286,True,True,True
2025-07-27,163,251.84724491798067,230.436004638672,54.24700078034147,166.60400390625,395.835998535156,168,0.9702380952380952,True,True,True
2025-08-03,165,323.12439991344104,259.174987792969,127.09972926776283,193.639999389648,652.429992675781,168,0.9821428571428571,True,True,True
2025-08-10,166,320.9840660554817,287.192001342773,92.65301650442858,183.746994018555,524.919982910156,168,0.9880952380952381,True,True,True
2025-08-17,168,266.1858103615897,249.945503234863,83.96478038966919,140.533996582031,476.782012939453,168,1.0,True,True,True
2025-08-24,168,254.76273127964564,212.0690002441405,104.63418760197652,117.419998168945,482.058990478516,168,1.0,True,True,True
2025-08-31,168,267.21078018915085,219.24050140380848,103.83106190320304,147.533004760742,493.518005371094,168,1.0,True,True,True
2025-09-07,166,255.60090301697508,232.797492980957,93.3260628854362,111.603996276855,498.68798828125,168,0.9880952380952381,True,True,True
2025-09-14,90,311.06856655544703,296.3484954833985,84.77198992421026,142.654006958008,482.190002441406,168,0.5357142857142857,False,True,False
2025-09-21,142,328.4773390863983,292.2870025634765,89.24722179775966,198.561996459961,578.132995605469,168,0.8452380952380952,True,True,True
2025-09-28,167,315.63741261373735,312.178009033203,80.87580525156768,140.373001098633,641.1669921875,168,0.9940476190476191,True,True,True
2025-10-05,40,304.7868251800537,305.8059997558595,48.33477323899705,216.906997680664,393.218994140625,168,0.23809523809523808,False,False,False
